Drug Name,File,Field Count,Has 14 Fields,Missing Fields,Status
5-Fluorouracil,drug_modules\oncology\antimetabolites.py,23,Yes,None,Complete
Abaloparatide,drug_modules\endocrinology_other\osteoporosis_other.py,24,Yes,None,Complete
Abiraterone,drug_modules\oncology\hormone_therapy.py,23,Yes,None,Complete
Acarbose,drug_modules\diabetes\alpha_glucosidase_inhibitors.py,23,Yes,None,Complete
Acebutolol,drug_modules\cardiovascular\beta_blockers\selective.py,23,Yes,None,Complete
Aclidinium,drug_modules\respiratory\anticholinergic_long_actings.py,23,Yes,None,Complete
Acyclovir,drug_modules\antimicrobial\antivirals\herpes.py,25,Yes,None,Complete
Acyclovir eye drops,drug_modules\ophthalmology.py,25,Yes,None,Complete
Acyclovir eye ointment,drug_modules\ophthalmology.py,25,Yes,None,Complete
Adalimumab,drug_modules\miscellaneous\biological_drugs.py,25,Yes,None,Complete
Adapalene,drug_modules\dermatology.py,23,Yes,None,Complete
Adenosine,drug_modules\cardiovascular\antiarrhythmics.py,22,Yes,None,Complete
Aducanumab,drug_modules\neurological\alzheimer_dementia_drugs.py,24,Yes,None,Complete
Albendazole,drug_modules\infectious_other\anthelmintics.py,25,Yes,None,Complete
Alemtuzumab,drug_modules\miscellaneous\biological_drugs.py,25,Yes,None,Complete
Alendronate,drug_modules\endocrinology_other\osteoporosis_bisphosphonates.py,24,Yes,None,Complete
Alfuzosin,drug_modules\urology.py,25,Yes,None,Complete
Alirocumab,drug_modules\cardiovascular\pcsk9_inhibitors.py,22,Yes,None,Complete
Allopurinol,drug_modules\miscellaneous\xanthine_oxidase_inhibitors.py,26,Yes,None,Complete
Alogliptin,drug_modules\diabetes\dpp_4_inhibitors.py,25,Yes,None,Complete
Alteplase,drug_modules\hematology.py,24,Yes,None,Complete
Aluminum hydroxide/Magnesium hydroxide,drug_modules\gastrointestinal\antacids.py,24,Yes,None,Complete
Amikacin,drug_modules\antimicrobial\antibiotics\aminoglycosides.py,27,Yes,None,Complete
Aminophylline,drug_modules\respiratory\methylxanthines.py,24,Yes,None,Complete
Amiodarone,drug_modules\cardiovascular\antiarrhythmics.py,22,Yes,None,Complete
Amitriptyline,drug_modules\psychiatry_other\tcas.py,24,Yes,None,Complete
Amlodipine,drug_modules\cardiovascular\calcium_blockers\dihydropyridines.py,29,Yes,None,Complete
Amlodipine/Olmesartan,drug_modules\cardiovascular\fixed_dose_combinations.py,24,Yes,None,Complete
Amlodipine/Valsartan,drug_modules\cardiovascular\fixed_dose_combinations.py,24,Yes,None,Complete
Amoxicillin,drug_modules\antimicrobial\antibiotics\penicillins.py,21,Yes,None,Complete
Amoxicillin suspension,drug_modules\infectious_other\beta_lactams.py,24,Yes,None,Complete
Amoxicillin-clavulanate,drug_modules\antimicrobial\antibiotics\penicillins.py,21,Yes,None,Complete
Amphotericin B,drug_modules\antimicrobial\antifungals\polyenes.py,26,Yes,None,Complete
Ampicillin,drug_modules\antimicrobial\antibiotics\penicillins.py,21,Yes,None,Complete
Ampicillin-sulbactam,drug_modules\antimicrobial\antibiotics\penicillins.py,21,Yes,None,Complete
Anastrozole,drug_modules\oncology\hormone_therapy.py,23,Yes,None,Complete
Andexanet alfa,drug_modules\hematology.py,26,Yes,None,Complete
Anidulafungin,drug_modules\antimicrobial\antifungals\echinocandins.py,25,Yes,None,Complete
Anifrolumab,drug_modules\miscellaneous\biological_drugs.py,25,Yes,None,Complete
Apixaban,drug_modules\cardiovascular\anticoagulants.py,26,Yes,None,Complete
Aripiprazole,drug_modules\psychiatry_other\antipsychotics.py,23,Yes,None,Complete
Artemether-lumefantrine,drug_modules\infectious_other\antimalarials.py,25,Yes,None,Complete
Artesunate,drug_modules\infectious_other\antimalarials.py,25,Yes,None,Complete
Artificial tears (Carboxymethylcellulose),drug_modules\ophthalmology.py,25,Yes,None,Complete
Aspirin,drug_modules\analgesics\nsaids.py,23,Yes,None,Complete
Aspirin/Carisoprodol,drug_modules\analgesics\pain_muscle_relaxant_combinations.py,23,Yes,None,Complete
Atazanavir (boosted with ritonavir/cobicistat),drug_modules\antimicrobial\antivirals\hiv_arvs.py,26,Yes,None,Complete
Atenolol,drug_modules\cardiovascular\beta_blockers\selective.py,30,Yes,None,Complete
Atezolizumab,drug_modules\miscellaneous\biological_drugs.py,25,Yes,None,Complete
Atomoxetine,drug_modules\psychiatry_other\adhd_anxiolytics.py,23,Yes,None,Complete
Atorvastatin,drug_modules\cardiovascular\statins.py,29,Yes,None,Complete
Atropine,drug_modules\emergency\anticholinergics.py,24,Yes,None,Complete
Atropine eye drops,drug_modules\ophthalmology.py,25,Yes,None,Complete
Avanafil,drug_modules\urology.py,26,Yes,None,Complete
Azathioprine,drug_modules\miscellaneous\immunosuppressants.py,25,Yes,None,Complete
Azelaic Acid,drug_modules\dermatology.py,23,Yes,None,Complete
Azelaic acid topical,drug_modules\dermatology.py,25,Yes,None,Complete
Azelastine eye drops,drug_modules\ophthalmology.py,25,Yes,None,Complete
Azelastine/Fluticasone nasal spray,drug_modules\ent_oral_nasal_combinations.py,23,Yes,None,Complete
Azilsartan medoxomil,drug_modules\cardiovascular\arbs.py,26,Yes,None,Complete
Azithromycin,drug_modules\antimicrobial\antibiotics\macrolides.py,27,Yes,None,Complete
Aztreonam,drug_modules\antimicrobial\antibiotics\beta_lactams.py,24,Yes,None,Complete
Baclofen,drug_modules\neurological\muscle_relaxants.py,23,Yes,None,Complete
Baricitinib,drug_modules\gastrointestinal\jak_inhibitors.py,25,Yes,None,Complete
Beclomethasone inhaled,drug_modules\respiratory\inhaled_corticosteroid_icss.py,24,Yes,None,Complete
Bedaquiline,drug_modules\infectious_other\antituberculars.py,26,Yes,None,Complete
Belimumab,drug_modules\miscellaneous\biological_drugs.py,25,Yes,None,Complete
Bempedoic acid,drug_modules\cardiovascular\cholesterol_absorption_inhibitors.py,24,Yes,None,Complete
Benazepril,drug_modules\cardiovascular\ace_inhibitors.py,26,Yes,None,Complete
Benralizumab,drug_modules\respiratory\respiratory_biologics.py,23,Yes,None,Complete
Benzoyl peroxide topical,drug_modules\dermatology.py,25,Yes,None,Complete
Betamethasone,drug_modules\endocrinology_other\corticosteroids\long_acting.py,22,Yes,None,Complete
Betamethasone topical,drug_modules\dermatology.py,23,Yes,None,Complete
Betamethasone/Clotrimazole topical,drug_modules\dermatology.py,25,Yes,None,Complete
Betaxolol,drug_modules\cardiovascular\beta_blockers\selective.py,23,Yes,None,Complete
Bevacizumab,drug_modules\miscellaneous\biological_drugs.py,25,Yes,None,Complete
Bictegravir (BIC),drug_modules\antimicrobial\antivirals\hiv_arvs.py,26,Yes,None,Complete
Bictegravir/Emtricitabine/Tenofovir alafenamide (BIC/FTC/TAF),drug_modules\antimicrobial\antivirals\hiv_arvs.py,26,Yes,None,Complete
Bimatoprost,drug_modules\ophthalmology.py,25,Yes,None,Complete
Bisacodyl,drug_modules\gastrointestinal\laxatives.py,25,Yes,None,Complete
Bismuth subsalicylate,drug_modules\gastrointestinal\antidiarrheals.py,23,Yes,None,Complete
Bisoprolol,drug_modules\cardiovascular\beta_blockers\selective.py,30,Yes,None,Complete
Brentuximab vedotin,drug_modules\oncology\monoclonal_antibodies_adcs.py,24,Yes,None,Complete
Brimonidine,drug_modules\ophthalmology.py,25,Yes,None,Complete
Brinzolamide,drug_modules\ophthalmology.py,25,Yes,None,Complete
Brodalumab,drug_modules\miscellaneous\biological_drugs.py,23,Yes,None,Complete
Bromocriptine,drug_modules\diabetes\other_antidiabetics.py,25,Yes,None,Complete
Budesonide,drug_modules\miscellaneous\corticosteroid_inhaleds.py,23,Yes,None,Complete
Budesonide inhaled,drug_modules\respiratory\inhaled_corticosteroid_icss.py,24,Yes,None,Complete
Budesonide/Formoterol inhaler,drug_modules\respiratory\combination_inhalers.py,25,Yes,None,Complete
Bumetanide,drug_modules\cardiovascular\diuretics.py,16,Yes,None,Complete
Buprenorphine,drug_modules\analgesics\opioid_agonists.py,23,Yes,None,Complete
Bupropion,drug_modules\psychiatry_other\antidepressants.py,23,Yes,None,Complete
Buspirone,drug_modules\psychiatry_other\adhd_anxiolytics.py,23,Yes,None,Complete
Cabotegravir + Rilpivirine (Long-acting IM),drug_modules\antimicrobial\antivirals\hiv_arvs.py,26,Yes,None,Complete
Calcipotriol,drug_modules\dermatology.py,23,Yes,None,Complete
Calcitonin,drug_modules\endocrinology_other\osteoporosis_other.py,24,Yes,None,Complete
Calcitriol topical,drug_modules\dermatology.py,23,Yes,None,Complete
Calcium,drug_modules\supportive\calciums.py,24,Yes,None,Complete
Calcium (elemental),drug_modules\miscellaneous\vitamins.py,24,Yes,None,Complete
Calcium carbonate,drug_modules\gastrointestinal\antacids.py,24,Yes,None,Complete
Calcium chloride,drug_modules\emergency\electrolytes.py,23,Yes,None,Complete
Calcium gluconate,drug_modules\emergency\electrolytes.py,23,Yes,None,Complete
Canagliflozin,drug_modules\diabetes\sglt2_inhibitors.py,25,Yes,None,Complete
Candesartan,drug_modules\cardiovascular\arbs.py,26,Yes,None,Complete
Capecitabine,drug_modules\oncology\antimetabolites.py,23,Yes,None,Complete
Caplacizumab,drug_modules\miscellaneous\biological_drugs.py,23,Yes,None,Complete
Captopril,drug_modules\cardiovascular\ace_inhibitors.py,30,Yes,None,Complete
Carbamazepine,drug_modules\neurological\anticonvulsants.py,26,Yes,None,Complete
Carboplatin,drug_modules\oncology\platinum_compounds.py,23,Yes,None,Complete
Carboprost,drug_modules\emergency\uterotonics.py,23,Yes,None,Complete
Carisoprodol,drug_modules\neurological\muscle_relaxants.py,24,Yes,None,Complete
Carvedilol,drug_modules\cardiovascular\beta_blockers\non_selective.py,29,Yes,None,Complete
Caspofungin,drug_modules\antimicrobial\antifungals\echinocandins.py,25,Yes,None,Complete
Cefaclor,drug_modules\infectious_other\cephalosporins.py,23,Yes,None,Complete
Cefadroxil,drug_modules\infectious_other\cephalosporins.py,24,Yes,None,Complete
Cefazolin,drug_modules\antimicrobial\antibiotics\cephalosporins.py,26,Yes,None,Complete
Cefdinir,drug_modules\infectious_other\cephalosporins.py,23,Yes,None,Complete
Cefepime,drug_modules\antimicrobial\antibiotics\cephalosporins.py,26,Yes,None,Complete
Cefiderocol,drug_modules\antimicrobial\antibiotics\beta_lactams.py,24,Yes,None,Complete
Cefixime,drug_modules\infectious_other\cephalosporins.py,23,Yes,None,Complete
Cefoperazone,drug_modules\infectious_other\cephalosporins.py,24,Yes,None,Complete
Cefotaxime,drug_modules\infectious_other\cephalosporins.py,23,Yes,None,Complete
Cefotetan,drug_modules\infectious_other\cephalosporins.py,24,Yes,None,Complete
Cefoxitin,drug_modules\infectious_other\cephalosporins.py,24,Yes,None,Complete
Cefpirome,drug_modules\infectious_other\cephalosporins.py,24,Yes,None,Complete
Ceftazidime,drug_modules\infectious_other\cephalosporins.py,23,Yes,None,Complete
Ceftriaxone,drug_modules\antimicrobial\antibiotics\cephalosporins.py,27,Yes,None,Complete
Cefuroxime,drug_modules\infectious_other\cephalosporins.py,23,Yes,None,Complete
Celecoxib,drug_modules\analgesics\nsaids.py,23,Yes,None,Complete
Cemiplimab,drug_modules\miscellaneous\biological_drugs.py,23,Yes,None,Complete
Cephalexin,drug_modules\antimicrobial\antibiotics\cephalosporins.py,23,Yes,None,Complete
Cerebrolysin,drug_modules\neurological\cerebral_circulation.py,25,Yes,None,Complete
Cerebroprotein hydrolysate (khác),drug_modules\neurological\cerebral_circulation.py,24,Yes,None,Complete
Certolizumab pegol,drug_modules\miscellaneous\biological_drugs.py,23,Yes,None,Complete
Cetirizine,drug_modules\supportive\antihistamine_h1_antagonist_2nd_generations.py,26,Yes,None,Complete
Cetirizine/Pseudoephedrine,drug_modules\ent_oral_nasal_combinations.py,23,Yes,None,Complete
Cetuximab,drug_modules\oncology\monoclonal_antibodies_adcs.py,23,Yes,None,Complete
Chloroquine,drug_modules\infectious_other\antimalarials.py,23,Yes,None,Complete
Chlorpheniramine,drug_modules\supportive\antihistamine_h1_antagonist_1st_generations.py,24,Yes,None,Complete
Chlorpromazine,drug_modules\psychiatry_other\antipsychotics.py,23,Yes,None,Complete
Chlorthalidone,drug_modules\cardiovascular\diuretics.py,22,Yes,None,Complete
Ciclesonide,drug_modules\respiratory\inhaled_corticosteroid_icss.py,24,Yes,None,Complete
Cimetidine,drug_modules\gastrointestinal\h2_receptor_antagonists.py,23,Yes,None,Complete
Ciprofloxacin,drug_modules\antimicrobial\antibiotics\fluoroquinolones.py,21,Yes,None,Complete
Ciprofloxacin eye drops,drug_modules\ophthalmology.py,23,Yes,None,Complete
Cisatracurium,drug_modules\emergency\neuromuscular_blockers.py,25,Yes,None,Complete
Cisplatin,drug_modules\oncology\platinum_compounds.py,23,Yes,None,Complete
Citalopram,drug_modules\psychiatry_other\ssris.py,24,Yes,None,Complete
Citicoline,drug_modules\neurological\cerebral_circulation.py,24,Yes,None,Complete
Citicoline/Piracetam,drug_modules\neurological\neurological_combinations.py,25,Yes,None,Complete
Clarithromycin,drug_modules\antimicrobial\antibiotics\macrolides.py,27,Yes,None,Complete
Clevidipine,drug_modules\cardiovascular\calcium_blockers\dihydropyridines.py,23,Yes,None,Complete
Clindamycin,drug_modules\antimicrobial\antibiotics\lincosamides.py,27,Yes,None,Complete
Clindamycin topical,drug_modules\dermatology.py,23,Yes,None,Complete
Clobetasol,drug_modules\dermatology.py,23,Yes,None,Complete
Clofazimine,drug_modules\infectious_other\antituberculars.py,26,Yes,None,Complete
Clomipramine,drug_modules\psychiatry_other\tcas.py,23,Yes,None,Complete
Clonazepam,drug_modules\neurological\benzodiazepines.py,24,Yes,None,Complete
Clonidine,drug_modules\cardiovascular\other_cv.py,23,Yes,None,Complete
Clopidogrel,drug_modules\cardiovascular\anticoagulants.py,24,Yes,None,Complete
Clotrimazole (vaginal),drug_modules\obstetrics_gynecology.py,24,Yes,None,Complete
Clotrimazole topical,drug_modules\dermatology.py,23,Yes,None,Complete
Clozapine,drug_modules\psychiatry_other\antipsychotics.py,23,Yes,None,Complete
Cobicistat (COBI),drug_modules\antimicrobial\antivirals\hiv_arvs.py,26,Yes,None,Complete
Codeine,drug_modules\analgesics\opioid_agonist_weaks.py,23,Yes,None,Complete
Colchicine,drug_modules\miscellaneous\gout_medications.py,24,Yes,None,Complete
Colesevelam,drug_modules\diabetes\other_antidiabetics.py,25,Yes,None,Complete
Colistin,drug_modules\antimicrobial\antibiotics\polymyxins.py,27,Yes,None,Complete
Cromolyn,drug_modules\respiratory\leukotriene_receptor_antagonists.py,23,Yes,None,Complete
Cyclobenzaprine,drug_modules\neurological\muscle_relaxants.py,24,Yes,None,Complete
Cyclopentolate eye drops,drug_modules\ophthalmology.py,23,Yes,None,Complete
Cyclophosphamide,drug_modules\oncology\alkylating_agents.py,23,Yes,None,Complete
Cycloserine / Terizidone,drug_modules\infectious_other\antituberculars.py,26,Yes,None,Complete
Cyclosporine,drug_modules\miscellaneous\immunosuppressants.py,23,Yes,None,Complete
Dabigatran,drug_modules\cardiovascular\anticoagulants.py,26,Yes,None,Complete
Dapagliflozin,drug_modules\diabetes\sglt2_inhibitors.py,25,Yes,None,Complete
Daptomycin,drug_modules\antimicrobial\antibiotics\glycopeptides.py,26,Yes,None,Complete
Daratumumab,drug_modules\oncology\monoclonal_antibodies_adcs.py,24,Yes,None,Complete
Darunavir (boosted with ritonavir/cobicistat),drug_modules\antimicrobial\antivirals\hiv_arvs.py,26,Yes,None,Complete
Delamanid,drug_modules\infectious_other\antituberculars.py,26,Yes,None,Complete
Demeclocycline,drug_modules\emergency\electrolytes.py,23,Yes,None,Complete
Denosumab,drug_modules\endocrinology_other\osteoporosis_other.py,24,Yes,None,Complete
Desloratadine,drug_modules\supportive\antihistamine_h1_antagonist_2nd_generations.py,22,Yes,None,Complete
Desvenlafaxine,drug_modules\psychiatry_other\snris.py,22,Yes,None,Complete
Deutetrabenazine,drug_modules\neurological\antiparkinsonian.py,23,Yes,None,Complete
Dexamethasone,drug_modules\endocrinology_other\corticosteroids\long_acting.py,22,Yes,None,Complete
Dexamethasone eye drops,drug_modules\ophthalmology.py,24,Yes,None,Complete
Dexlansoprazole,drug_modules\gastrointestinal\proton_pump_inhibitor_ppis.py,24,Yes,None,Complete
Dexmedetomidine,drug_modules\supportive\sedatives_anesthetics_icu.py,26,Yes,None,Complete
Dextroamphetamine,drug_modules\psychiatry_other\adhd_anxiolytics.py,23,Yes,None,Complete
Diazepam,drug_modules\neurological\benzodiazepines.py,24,Yes,None,Complete
Diclofenac,drug_modules\analgesics\nsaids.py,25,Yes,None,Complete
Diclofenac eye drops,drug_modules\ophthalmology.py,24,Yes,None,Complete
Diclofenac gel,drug_modules\dermatology.py,23,Yes,None,Complete
Dicloxacillin,drug_modules\infectious_other\beta_lactams.py,23,Yes,None,Complete
Digoxin,drug_modules\cardiovascular\other_cv.py,27,Yes,None,Complete
Diltiazem,drug_modules\cardiovascular\calcium_blockers\non_dihydropyridines.py,23,Yes,None,Complete
Dimethyl fumarate,drug_modules\neurological\multiple_sclerosis_drugs.py,24,Yes,None,Complete
Dinoprostone,drug_modules\emergency\uterotonics.py,23,Yes,None,Complete
Diphenhydramine,drug_modules\supportive\antihistamine_h1_antagonist_1st_generations.py,22,Yes,None,Complete
Dipyridamole,drug_modules\cardiovascular_other\antiplatelets.py,26,Yes,None,Complete
Disopyramide,drug_modules\cardiovascular\antiarrhythmics.py,23,Yes,None,Complete
Dobutamine,drug_modules\emergency\catecholamine_alpha__beta_agonists.py,21,Yes,None,Complete
Docetaxel,drug_modules\oncology\taxanes.py,23,Yes,None,Complete
Dofetilide,drug_modules\cardiovascular\antiarrhythmics.py,23,Yes,None,Complete
Dolutegravir (DTG),drug_modules\antimicrobial\antivirals\hiv_arvs.py,26,Yes,None,Complete
Domperidone,drug_modules\gastrointestinal\prokinetic_antiemetics.py,23,Yes,None,Complete
Donanemab,drug_modules\neurological\alzheimer_dementia_drugs.py,24,Yes,None,Complete
Donepezil,drug_modules\neurological\alzheimer_dementia_drugs.py,24,Yes,None,Complete
Dopamine,drug_modules\emergency\catecholamine_alpha__beta_agonists.py,21,Yes,None,Complete
Doripenem,drug_modules\antimicrobial\antibiotics\beta_lactams.py,23,Yes,None,Complete
Dorzolamide,drug_modules\ophthalmology.py,23,Yes,None,Complete
Dostarlimab,drug_modules\miscellaneous\biological_drugs.py,23,Yes,None,Complete
Doxazosin,drug_modules\cardiovascular\other_cv.py,23,Yes,None,Complete
Doxorubicin,drug_modules\oncology\anthracyclines.py,24,Yes,None,Complete
Doxycycline,drug_modules\antimicrobial\antibiotics\tetracyclines.py,27,Yes,None,Complete
Dronedarone,drug_modules\cardiovascular\antiarrhythmics.py,22,Yes,None,Complete
Dulaglutide,drug_modules\diabetes\glp1_agonists.py,26,Yes,None,Complete
Duloxetine,drug_modules\psychiatry_other\snris.py,22,Yes,None,Complete
Dupilumab,drug_modules\respiratory\respiratory_biologics.py,23,Yes,None,Complete
Durvalumab,drug_modules\miscellaneous\biological_drugs.py,23,Yes,None,Complete
Dutasteride,drug_modules\urology.py,24,Yes,None,Complete
Econazole topical,drug_modules\dermatology.py,23,Yes,None,Complete
Eculizumab,drug_modules\miscellaneous\biological_drugs.py,23,Yes,None,Complete
Edaravone,drug_modules\neurological\cerebral_circulation.py,24,Yes,None,Complete
Edoxaban,drug_modules\cardiovascular\anticoagulants.py,26,Yes,None,Complete
Efavirenz (EFV),drug_modules\antimicrobial\antivirals\hiv_arvs.py,26,Yes,None,Complete
Efavirenz/Tenofovir disoproxil fumarate/Emtricitabine (EFV/TDF/FTC),drug_modules\antimicrobial\antivirals\hiv_arvs.py,26,Yes,None,Complete
Efgartigimod,drug_modules\miscellaneous\biological_drugs.py,23,Yes,None,Complete
Eltrombopag,drug_modules\hematology.py,24,Yes,None,Complete
Emicizumab,drug_modules\hematology.py,24,Yes,None,Complete
Empagliflozin,drug_modules\diabetes\sglt2_inhibitors.py,25,Yes,None,Complete
Emtricitabine (FTC),drug_modules\antimicrobial\antivirals\hiv_arvs.py,26,Yes,None,Complete
Enalapril,drug_modules\cardiovascular\ace_inhibitors.py,30,Yes,None,Complete
Enalaprilat,drug_modules\cardiovascular_other\ace_inhibitors_iv.py,23,Yes,None,Complete
Enoxaparin,drug_modules\cardiovascular\anticoagulants.py,23,Yes,None,Complete
Entecavir,drug_modules\antimicrobial\antivirals\hepatitis.py,26,Yes,None,Complete
Enzalutamide,drug_modules\oncology\hormone_therapy.py,23,Yes,None,Complete
Epinephrine,drug_modules\emergency\catecholamine_alpha__beta_agonists.py,25,Yes,None,Complete
Eplerenone,drug_modules\cardiovascular\diuretics.py,25,Yes,None,Complete
Epoetin alfa,drug_modules\hematology.py,24,Yes,None,Complete
Eptinezumab,drug_modules\neurological\migraine_cgrp_drugs.py,24,Yes,None,Complete
Eravacycline,drug_modules\antimicrobial\antibiotics\others.py,24,Yes,None,Complete
Erenumab,drug_modules\neurological\migraine_cgrp_drugs.py,24,Yes,None,Complete
Erlotinib,drug_modules\oncology\targeted_therapy_tkis.py,23,Yes,None,Complete
Ertapenem,drug_modules\antimicrobial\antibiotics\beta_lactams.py,28,Yes,None,Complete
Ertugliflozin,drug_modules\diabetes\sglt2_inhibitors.py,26,Yes,None,Complete
Erythromycin,drug_modules\antimicrobial\antibiotics\macrolides.py,27,Yes,None,Complete
Erythromycin eye ointment,drug_modules\ophthalmology.py,23,Yes,None,Complete
Erythromycin topical,drug_modules\dermatology.py,23,Yes,None,Complete
Escitalopram,drug_modules\psychiatry_other\ssris.py,24,Yes,None,Complete
Esomeprazole,drug_modules\gastrointestinal\proton_pump_inhibitor_ppis.py,23,Yes,None,Complete
Estradiol,drug_modules\obstetrics_gynecology.py,24,Yes,None,Complete
Etanercept,drug_modules\miscellaneous\biological_drugs.py,25,Yes,None,Complete
Ethambutol,drug_modules\infectious_other\antituberculars.py,26,Yes,None,Complete
Ethinyl estradiol + Levonorgestrel,drug_modules\obstetrics_gynecology.py,24,Yes,None,Complete
Ethosuximide,drug_modules\neurological\anticonvulsants.py,27,Yes,None,Complete
Etomidate,drug_modules\supportive\sedatives_anesthetics_icu.py,26,Yes,None,Complete
Etoposide,drug_modules\oncology\topoisomerase_inhibitors.py,23,Yes,None,Complete
Etoricoxib,drug_modules\analgesics\nsaids.py,23,Yes,None,Complete
Evinacumab,drug_modules\cardiovascular\triglyceride_lowering.py,23,Yes,None,Complete
Evolocumab,drug_modules\cardiovascular\pcsk9_inhibitors.py,22,Yes,None,Complete
Exenatide,drug_modules\diabetes\glp1_agonists.py,26,Yes,None,Complete
Ezetimibe,drug_modules\cardiovascular\cholesterol_absorption_inhibitors.py,23,Yes,None,Complete
Famotidine,drug_modules\gastrointestinal\h2_receptor_antagonists.py,23,Yes,None,Complete
Favipiravir,drug_modules\antimicrobial\antivirals\influenza.py,26,Yes,None,Complete
Febuxostat,drug_modules\miscellaneous\gout_medications.py,26,Yes,None,Complete
Felodipine,drug_modules\cardiovascular\calcium_blockers\dihydropyridines.py,27,Yes,None,Complete
Fenofibrate,drug_modules\cardiovascular\triglyceride_lowering.py,23,Yes,None,Complete
Fentanyl,drug_modules\analgesics\opioid_agonist_strongs.py,25,Yes,None,Complete
Fesoterodine,drug_modules\urology.py,25,Yes,None,Complete
Fexofenadine,drug_modules\supportive\antihistamine_h1_antagonist_2nd_generations.py,24,Yes,None,Complete
Fexofenadine/Pseudoephedrine,drug_modules\ent_oral_nasal_combinations.py,23,Yes,None,Complete
Fidaxomicin,drug_modules\antimicrobial\antibiotics\others.py,27,Yes,None,Complete
Filgrastim,drug_modules\hematology.py,25,Yes,None,Complete
Finasteride,drug_modules\urology.py,26,Yes,None,Complete
Finerenone,drug_modules\cardiovascular\other_cv.py,24,Yes,None,Complete
Fingolimod,drug_modules\neurological\multiple_sclerosis_drugs.py,24,Yes,None,Complete
Flecainide,drug_modules\cardiovascular\antiarrhythmics.py,22,Yes,None,Complete
Fluconazole,drug_modules\antimicrobial\antifungals\azoles.py,26,Yes,None,Complete
Fludrocortisone,drug_modules\endocrinology_other\corticosteroids\short_intermediate_acting.py,23,Yes,None,Complete
Flumazenil,drug_modules\emergency\benzodiazepine_antagonists.py,23,Yes,None,Complete
Fluoxetine,drug_modules\neurological\ssri_selective_serotonin_reuptake_inhibitors.py,24,Yes,None,Complete
Fluphenazine,drug_modules\psychiatry_other\antipsychotics.py,24,Yes,None,Complete
Fluticasone inhaled,drug_modules\respiratory\inhaled_corticosteroid_icss.py,23,Yes,None,Complete
Fluticasone/Salmeterol inhaler,drug_modules\respiratory\combination_inhalers.py,25,Yes,None,Complete
Fluticasone/Umeclidinium/Vilanterol inhaler,drug_modules\respiratory\combination_inhalers.py,25,Yes,None,Complete
Fluvastatin,drug_modules\cardiovascular\statins.py,26,Yes,None,Complete
Fluvoxamine,drug_modules\psychiatry_other\ssris.py,24,Yes,None,Complete
Folic Acid,drug_modules\miscellaneous\vitamins.py,24,Yes,None,Complete
Folic acid,drug_modules\supportive\folates.py,26,Yes,None,Complete
Fondaparinux,drug_modules\cardiovascular\anticoagulants.py,23,Yes,None,Complete
Formoterol,drug_modules\respiratory\long_acting_beta_2_agonist_labas.py,23,Yes,None,Complete
Fosfomycin,drug_modules\antimicrobial\antibiotics\others.py,27,Yes,None,Complete
Fosphenytoin,drug_modules\neurological\anticonvulsants.py,23,Yes,None,Complete
Fremanezumab,drug_modules\neurological\migraine_cgrp_drugs.py,24,Yes,None,Complete
Furosemide,drug_modules\cardiovascular\diuretics.py,25,Yes,None,Complete
Fusidic Acid,drug_modules\dermatology.py,23,Yes,None,Complete
Fusidic acid/Betamethasone topical,drug_modules\dermatology.py,23,Yes,None,Complete
Gabapentin,drug_modules\neurological\anticonvulsant_alpha_2_delta_ligands.py,24,Yes,None,Complete
Galcanezumab,drug_modules\neurological\migraine_cgrp_drugs.py,24,Yes,None,Complete
Ganciclovir,drug_modules\antimicrobial\antivirals\cmv.py,25,Yes,None,Complete
Ganciclovir eye drops,drug_modules\ophthalmology.py,25,Yes,None,Complete
Gefitinib,drug_modules\oncology\targeted_therapy_tkis.py,23,Yes,None,Complete
Gemcitabine,drug_modules\oncology\antimetabolites.py,23,Yes,None,Complete
Gemfibrozil,drug_modules\cardiovascular\triglyceride_lowering.py,23,Yes,None,Complete
Gemifloxacin,drug_modules\infectious_other\fluoroquinolones.py,23,Yes,None,Complete
Gentamicin,drug_modules\antimicrobial\antibiotics\aminoglycosides.py,26,Yes,None,Complete
Gentamicin eye drops,drug_modules\ophthalmology.py,23,Yes,None,Complete
Gentamicin/Betamethasone/Clotrimazole topical,drug_modules\dermatology.py,26,Yes,None,Complete
Ginkgo biloba extract,drug_modules\neurological\cerebral_circulation.py,24,Yes,None,Complete
Ginkgo biloba/Vinpocetine,drug_modules\neurological\neurological_combinations.py,25,Yes,None,Complete
Glibenclamide,drug_modules\diabetes\sulfonylureas.py,29,Yes,None,Complete
Gliclazide,drug_modules\diabetes\sulfonylureas.py,29,Yes,None,Complete
Glimepiride,drug_modules\diabetes\sulfonylureas.py,25,Yes,None,Complete
Glycopyrronium,drug_modules\respiratory\anticholinergic_long_actings.py,23,Yes,None,Complete
Golimumab,drug_modules\miscellaneous\biological_drugs.py,25,Yes,None,Complete
Granisetron,drug_modules\oncology\anti_emetic_5_ht3_antagonists.py,23,Yes,None,Complete
Guselkumab,drug_modules\miscellaneous\biological_drugs.py,25,Yes,None,Complete
Haloperidol,drug_modules\psychiatry_other\antipsychotics.py,24,Yes,None,Complete
Heparin,drug_modules\hematology.py,24,Yes,None,Complete
High-intensity statin (đột quỵ/TIA),drug_modules\cardiovascular_other\statins.py,24,Yes,None,Complete
Hydralazine,drug_modules\cardiovascular\vasodilators.py,23,Yes,None,Complete
Hydrochlorothiazide,drug_modules\cardiovascular\diuretics.py,25,Yes,None,Complete
Hydrocodone,drug_modules\analgesics\opioid_agonists.py,23,Yes,None,Complete
Hydrocortisone,drug_modules\endocrinology_other\corticosteroids\short_intermediate_acting.py,22,Yes,None,Complete
Hydrocortisone topical,drug_modules\dermatology.py,25,Yes,None,Complete
Hydromorphone,drug_modules\analgesics\opioid_agonist_strongs.py,25,Yes,None,Complete
Hydroxychloroquine,drug_modules\infectious_other\antimalarials.py,23,Yes,None,Complete
Hydroxyzine,drug_modules\supportive\antihistamine_h1_antagonist_1st_generations.py,24,Yes,None,Complete
Hyoscine butylbromide,drug_modules\gastrointestinal\antispasmodics.py,25,Yes,None,Complete
Ibandronate,drug_modules\endocrinology_other\osteoporosis_bisphosphonates.py,24,Yes,None,Complete
Ibuprofen,drug_modules\analgesics\nsaids.py,29,Yes,None,Complete
Ibutilide,drug_modules\cardiovascular\antiarrhythmics.py,22,Yes,None,Complete
Icosapent ethyl,drug_modules\cardiovascular\triglyceride_lowering.py,23,Yes,None,Complete
Idarucizumab,drug_modules\hematology.py,26,Yes,None,Complete
Ifosfamide,drug_modules\oncology\alkylating_agents.py,23,Yes,None,Complete
Ilaprazole,drug_modules\gastrointestinal\proton_pump_inhibitor_ppis.py,24,Yes,None,Complete
Imatinib,drug_modules\oncology\targeted_therapy_tkis.py,23,Yes,None,Complete
Imipenem-cilastatin,drug_modules\antimicrobial\antibiotics\beta_lactams.py,31,Yes,None,Complete
Inclisiran,drug_modules\cardiovascular\pcsk9_inhibitors.py,22,Yes,None,Complete
Indacaterol,drug_modules\respiratory\long_acting_beta_2_agonist_labas.py,23,Yes,None,Complete
Indapamide,drug_modules\cardiovascular\diuretics.py,22,Yes,None,Complete
Indomethacin,drug_modules\analgesics\nsaids.py,23,Yes,None,Complete
Infliximab,drug_modules\miscellaneous\biological_drugs.py,25,Yes,None,Complete
Insulin,drug_modules\diabetes\insulins.py,26,Yes,None,Complete
Insulin Aspart,drug_modules\diabetes\specific_insulins.py,24,Yes,None,Complete
Insulin Degludec,drug_modules\diabetes\specific_insulins.py,24,Yes,None,Complete
Insulin Detemir,drug_modules\diabetes\specific_insulins.py,24,Yes,None,Complete
Insulin Glargine,drug_modules\diabetes\specific_insulins.py,24,Yes,None,Complete
Insulin Glulisine,drug_modules\diabetes\specific_insulins.py,24,Yes,None,Complete
Insulin Lispro,drug_modules\diabetes\specific_insulins.py,24,Yes,None,Complete
Insulin NPH,drug_modules\diabetes\specific_insulins.py,24,Yes,None,Complete
Insulin Regular,drug_modules\diabetes\specific_insulins.py,24,Yes,None,Complete
Ipratropium,drug_modules\respiratory\anticholinergic_short_actings.py,23,Yes,None,Complete
Ipratropium/Salbutamol inhaler,drug_modules\respiratory\combination_inhalers.py,25,Yes,None,Complete
Irbesartan,drug_modules\cardiovascular\arbs.py,26,Yes,None,Complete
Irinotecan,drug_modules\oncology\topoisomerase_inhibitors.py,23,Yes,None,Complete
Iron,drug_modules\supportive\irons.py,25,Yes,None,Complete
Isavuconazole,drug_modules\antimicrobial\antifungals\azoles.py,25,Yes,None,Complete
Isoniazid,drug_modules\infectious_other\antituberculars.py,26,Yes,None,Complete
Isosorbide mononitrate,drug_modules\cardiovascular\vasodilators.py,23,Yes,None,Complete
Isradipine,drug_modules\cardiovascular\calcium_blockers\dihydropyridines.py,27,Yes,None,Complete
Istradefylline,drug_modules\neurological\antiparkinsonian.py,23,Yes,None,Complete
Itraconazole,drug_modules\antimicrobial\antifungals\azoles.py,26,Yes,None,Complete
Ivabradine,drug_modules\cardiovascular\other_cv.py,27,Yes,None,Complete
Ivermectin,drug_modules\infectious_other\anthelmintics.py,26,Yes,None,Complete
Ivermectin cream,drug_modules\dermatology.py,23,Yes,None,Complete
Ixekizumab,drug_modules\miscellaneous\biological_drugs.py,25,Yes,None,Complete
Ketamine,drug_modules\supportive\sedatives_anesthetics_icu.py,26,Yes,None,Complete
Ketoconazole topical,drug_modules\dermatology.py,23,Yes,None,Complete
Ketoprofen,drug_modules\analgesics\nsaids.py,23,Yes,None,Complete
Ketoprofen gel,drug_modules\dermatology.py,23,Yes,None,Complete
Ketorolac,drug_modules\analgesics\nsaids.py,25,Yes,None,Complete
Ketorolac eye drops,drug_modules\ophthalmology.py,24,Yes,None,Complete
Ketotifen eye drops,drug_modules\ophthalmology.py,23,Yes,None,Complete
Labetalol,drug_modules\cardiovascular\other_cv.py,27,Yes,None,Complete
Lacidipine,drug_modules\cardiovascular\calcium_blockers\dihydropyridines.py,22,Yes,None,Complete
Lacosamide,drug_modules\neurological\anticonvulsants.py,23,Yes,None,Complete
Lactulose,drug_modules\gastrointestinal\laxatives.py,25,Yes,None,Complete
Lamivudine (3TC),drug_modules\antimicrobial\antivirals\hiv_arvs.py,26,Yes,None,Complete
Lamotrigine,drug_modules\neurological\anticonvulsants.py,22,Yes,None,Complete
Lanadelumab,drug_modules\miscellaneous\biological_drugs.py,23,Yes,None,Complete
Lansoprazole,drug_modules\gastrointestinal\proton_pump_inhibitor_ppis.py,23,Yes,None,Complete
Lasmiditan,drug_modules\analgesics\antimigraine_5_ht1_receptor_agonists.py,24,Yes,None,Complete
Latanoprost,drug_modules\ophthalmology.py,23,Yes,None,Complete
Lecanemab,drug_modules\neurological\alzheimer_dementia_drugs.py,24,Yes,None,Complete
Ledipasvir,drug_modules\antimicrobial\antivirals\hepatitis.py,26,Yes,None,Complete
Lefamulin,drug_modules\antimicrobial\antibiotics\others.py,23,Yes,None,Complete
Leflunomide,drug_modules\miscellaneous\dmards_rheumatology.py,24,Yes,None,Complete
Levamisole,drug_modules\infectious_other\anthelmintics.py,24,Yes,None,Complete
Levetiracetam,drug_modules\neurological\anticonvulsants.py,23,Yes,None,Complete
Levocetirizine,drug_modules\supportive\antihistamine_h1_antagonist_2nd_generations.py,24,Yes,None,Complete
Levodopa/Carbidopa,drug_modules\neurological\antiparkinsonian.py,22,Yes,None,Complete
Levofloxacin,drug_modules\antimicrobial\antibiotics\fluoroquinolones.py,34,Yes,None,Complete
Levonorgestrel,drug_modules\obstetrics_gynecology.py,23,Yes,None,Complete
Levothyroxine,drug_modules\metabolic\thyroid_hormones.py,23,Yes,None,Complete
Lidocaine,drug_modules\emergency\local_anesthetic__antiarrhythmic_class_ibs.py,23,Yes,None,Complete
Linagliptin,drug_modules\diabetes\dpp_4_inhibitors.py,25,Yes,None,Complete
Linezolid,drug_modules\antimicrobial\antibiotics\oxazolidinones.py,31,Yes,None,Complete
Linezolid (lao MDR/XDR),drug_modules\infectious_other\antituberculars.py,24,Yes,None,Complete
Liraglutide,drug_modules\diabetes\glp1_agonists.py,26,Yes,None,Complete
Lisdexamfetamine,drug_modules\psychiatry_other\adhd_anxiolytics.py,23,Yes,None,Complete
Lisinopril,drug_modules\cardiovascular\ace_inhibitors.py,30,Yes,None,Complete
Lisinopril/Hydrochlorothiazide,drug_modules\cardiovascular\fixed_dose_combinations.py,24,Yes,None,Complete
Loperamide,drug_modules\gastrointestinal\antidiarrheals.py,23,Yes,None,Complete
Loratadine,drug_modules\supportive\antihistamine_h1_antagonist_2nd_generations.py,22,Yes,None,Complete
Loratadine/Pseudoephedrine,drug_modules\ent_oral_nasal_combinations.py,23,Yes,None,Complete
Lorazepam,drug_modules\neurological\benzodiazepines.py,23,Yes,None,Complete
Losartan,drug_modules\cardiovascular\arbs.py,30,Yes,None,Complete
Losartan/Hydrochlorothiazide,drug_modules\cardiovascular\fixed_dose_combinations.py,24,Yes,None,Complete
Lovastatin,drug_modules\cardiovascular\statins.py,26,Yes,None,Complete
Lurasidone,drug_modules\psychiatry_other\antipsychotics.py,24,Yes,None,Complete
Magnesium oxide,drug_modules\emergency\electrolytes.py,23,Yes,None,Complete
Magnesium sulfate,drug_modules\emergency\electrolytes.py,23,Yes,None,Complete
Mebendazole,drug_modules\infectious_other\anthelmintics.py,23,Yes,None,Complete
Mebeverine,drug_modules\gastrointestinal\antispasmodics.py,25,Yes,None,Complete
Medroxyprogesterone,drug_modules\obstetrics_gynecology.py,24,Yes,None,Complete
Meloxicam,drug_modules\analgesics\nsaids.py,25,Yes,None,Complete
Memantine,drug_modules\neurological\alzheimer_dementia_drugs.py,23,Yes,None,Complete
Meperidine,drug_modules\analgesics\opioid_agonist_strongs.py,24,Yes,None,Complete
Mepolizumab,drug_modules\respiratory\respiratory_biologics.py,23,Yes,None,Complete
Meropenem,drug_modules\antimicrobial\antibiotics\beta_lactams.py,26,Yes,None,Complete
Mesalazine,drug_modules\gastrointestinal\ibd_5asa.py,24,Yes,None,Complete
Metaxalone,drug_modules\neurological\muscle_relaxants.py,22,Yes,None,Complete
Metformin,drug_modules\diabetes\biguanides.py,29,Yes,None,Complete
Metformin/Dapagliflozin,drug_modules\diabetes\fixed_dose_combinations.py,24,Yes,None,Complete
Metformin/Empagliflozin,drug_modules\diabetes\fixed_dose_combinations.py,24,Yes,None,Complete
Metformin/Glibenclamide,drug_modules\diabetes\fixed_dose_combinations.py,23,Yes,None,Complete
Metformin/Pioglitazone,drug_modules\diabetes\fixed_dose_combinations.py,23,Yes,None,Complete
Metformin/Sitagliptin,drug_modules\diabetes\fixed_dose_combinations.py,24,Yes,None,Complete
Methadone,drug_modules\analgesics\opioid_agonist_strongs.py,24,Yes,None,Complete
Methimazole,drug_modules\metabolic\antithyroid.py,23,Yes,None,Complete
Methocarbamol,drug_modules\neurological\muscle_relaxants.py,22,Yes,None,Complete
Methotrexate,drug_modules\miscellaneous\dmards_rheumatology.py,24,Yes,None,Complete
Methyldopa,drug_modules\cardiovascular\other_cv.py,23,Yes,None,Complete
Methylergonovine,drug_modules\emergency\uterotonics.py,23,Yes,None,Complete
Methylphenidate,drug_modules\psychiatry_other\adhd_anxiolytics.py,23,Yes,None,Complete
Methylprednisolone,drug_modules\endocrinology_other\corticosteroids\short_intermediate_acting.py,22,Yes,None,Complete
Metoclopramide,drug_modules\gastrointestinal\prokinetic_antiemetics.py,23,Yes,None,Complete
Metoprolol,drug_modules\cardiovascular\beta_blockers\selective.py,29,Yes,None,Complete
Metronidazole,drug_modules\infectious_other\nitroimidazoles.py,24,Yes,None,Complete
Metronidazole (vaginal gel),drug_modules\obstetrics_gynecology.py,24,Yes,None,Complete
Metronidazole topical,drug_modules\dermatology.py,23,Yes,None,Complete
Micafungin,drug_modules\antimicrobial\antifungals\echinocandins.py,25,Yes,None,Complete
Miconazole (vaginal),drug_modules\obstetrics_gynecology.py,24,Yes,None,Complete
Miconazole topical,drug_modules\dermatology.py,23,Yes,None,Complete
Miconazole/Hydrocortisone topical,drug_modules\dermatology.py,24,Yes,None,Complete
Midazolam (IV/ICU),drug_modules\supportive\sedatives_anesthetics_icu.py,26,Yes,None,Complete
Miglitol,drug_modules\diabetes\alpha_glucosidase_inhibitors.py,23,Yes,None,Complete
Milrinone,drug_modules\emergency\catecholamine_alpha__beta_agonists.py,25,Yes,None,Complete
Minocycline,drug_modules\antimicrobial\antibiotics\tetracyclines.py,27,Yes,None,Complete
Mirabegron,drug_modules\urology.py,24,Yes,None,Complete
Mirtazapine,drug_modules\psychiatry_other\antidepressants.py,23,Yes,None,Complete
Misoprostol,drug_modules\gastrointestinal\mucosal_protectants.py,23,Yes,None,Complete
Mometasone topical,drug_modules\dermatology.py,23,Yes,None,Complete
Montelukast,drug_modules\respiratory\leukotriene_receptor_antagonists.py,24,Yes,None,Complete
Morphine,drug_modules\analgesics\opioid_agonist_strongs.py,25,Yes,None,Complete
Moxifloxacin,drug_modules\antimicrobial\antibiotics\fluoroquinolones.py,31,Yes,None,Complete
Moxifloxacin eye drops,drug_modules\ophthalmology.py,23,Yes,None,Complete
Mupirocin topical,drug_modules\dermatology.py,23,Yes,None,Complete
Mycophenolate,drug_modules\miscellaneous\immunosuppressants.py,23,Yes,None,Complete
Nadolol,drug_modules\cardiovascular\beta_blockers\non_selective.py,23,Yes,None,Complete
Nafcillin,drug_modules\antimicrobial\antibiotics\penicillins.py,19,Yes,None,Complete
Naloxone,drug_modules\emergency\opioid_antagonists.py,23,Yes,None,Complete
Naltrexone,drug_modules\emergency\opioid_antagonists.py,23,Yes,None,Complete
Naproxen,drug_modules\analgesics\nsaids.py,25,Yes,None,Complete
Natalizumab,drug_modules\miscellaneous\biological_drugs.py,23,Yes,None,Complete
Nateglinide,drug_modules\diabetes\meglitinides.py,23,Yes,None,Complete
Nebivolol,drug_modules\cardiovascular\beta_blockers\selective.py,26,Yes,None,Complete
Nedocromil,drug_modules\respiratory\leukotriene_receptor_antagonists.py,24,Yes,None,Complete
Nepafenac eye drops,drug_modules\ophthalmology.py,24,Yes,None,Complete
Nesiritide,drug_modules\cardiovascular\vasodilators.py,23,Yes,None,Complete
Niacin,drug_modules\cardiovascular\triglyceride_lowering.py,23,Yes,None,Complete
Nicardipine,drug_modules\cardiovascular\calcium_blockers\dihydropyridines.py,23,Yes,None,Complete
Nicergoline,drug_modules\neurological\cerebral_circulation.py,25,Yes,None,Complete
Nifedipine,drug_modules\cardiovascular\calcium_blockers\dihydropyridines.py,26,Yes,None,Complete
Nimesulide,drug_modules\analgesics\nsaids.py,23,Yes,None,Complete
Nimodipine,drug_modules\neurological\cerebral_circulation.py,25,Yes,None,Complete
Nisoldipine,drug_modules\cardiovascular\calcium_blockers\dihydropyridines.py,23,Yes,None,Complete
Nitrofurantoin,drug_modules\antimicrobial\antibiotics\others.py,26,Yes,None,Complete
Nitroglycerin,drug_modules\cardiovascular\vasodilators.py,23,Yes,None,Complete
Nitroprusside,drug_modules\cardiovascular\vasodilators.py,23,Yes,None,Complete
Nivolumab,drug_modules\miscellaneous\biological_drugs.py,23,Yes,None,Complete
Norepinephrine,drug_modules\emergency\catecholamine_alpha__beta_agonists.py,21,Yes,None,Complete
Norfloxacin,drug_modules\antimicrobial\antibiotics\fluoroquinolones.py,16,Yes,None,Complete
Nystatin,drug_modules\antimicrobial\antifungals\polyenes.py,23,Yes,None,Complete
Ocrelizumab,drug_modules\miscellaneous\biological_drugs.py,23,Yes,None,Complete
Ofatumumab,drug_modules\neurological\multiple_sclerosis_drugs.py,24,Yes,None,Complete
Ofloxacin,drug_modules\antimicrobial\antibiotics\fluoroquinolones.py,16,Yes,None,Complete
Olanzapine,drug_modules\psychiatry_other\antipsychotics.py,24,Yes,None,Complete
Olanzapine/Fluoxetine,drug_modules\neurological\neurological_combinations.py,25,Yes,None,Complete
Olmesartan,drug_modules\cardiovascular\arbs.py,26,Yes,None,Complete
Olodaterol,drug_modules\respiratory\long_acting_beta_2_agonist_labas.py,23,Yes,None,Complete
Olopatadine eye drops,drug_modules\ophthalmology.py,23,Yes,None,Complete
Omadacycline,drug_modules\antimicrobial\antibiotics\others.py,23,Yes,None,Complete
Omalizumab,drug_modules\respiratory\respiratory_biologics.py,23,Yes,None,Complete
Omega-3 acid ethyl esters,drug_modules\cardiovascular\triglyceride_lowering.py,23,Yes,None,Complete
Omeprazole,drug_modules\gastrointestinal\proton_pump_inhibitor_ppis.py,26,Yes,None,Complete
Ondansetron,drug_modules\gastrointestinal\antiemetic_5_ht3_antagonists.py,23,Yes,None,Complete
Opicapone,drug_modules\neurological\antiparkinsonian.py,23,Yes,None,Complete
Oseltamivir,drug_modules\antimicrobial\antivirals\influenza.py,24,Yes,None,Complete
Oxacillin,drug_modules\antimicrobial\antibiotics\penicillins.py,19,Yes,None,Complete
Oxaliplatin,drug_modules\oncology\platinum_compounds.py,24,Yes,None,Complete
Oxcarbazepine,drug_modules\neurological\anticonvulsants.py,26,Yes,None,Complete
Oxybutynin,drug_modules\urology.py,24,Yes,None,Complete
Oxycodone,drug_modules\analgesics\opioid_agonist_strongs.py,23,Yes,None,Complete
Oxytocin,drug_modules\emergency\uterotonics.py,24,Yes,None,Complete
PAS (para-aminosalicylic acid),drug_modules\infectious_other\antituberculars.py,26,Yes,None,Complete
Paclitaxel,drug_modules\oncology\taxanes.py,23,Yes,None,Complete
Palonosetron,drug_modules\oncology\anti_emetic_5_ht3_antagonists.py,23,Yes,None,Complete
Pamidronate,drug_modules\emergency\electrolytes.py,23,Yes,None,Complete
Pantoprazole,drug_modules\gastrointestinal\proton_pump_inhibitors.py,26,Yes,None,Complete
Paracetamol,drug_modules\analgesics\analgesic_antipyretic.py,27,Yes,None,Complete
Paracetamol/Carisoprodol,drug_modules\analgesics\pain_muscle_relaxant_combinations.py,23,Yes,None,Complete
Paracetamol/Chlorzoxazone,drug_modules\analgesics\pain_muscle_relaxant_combinations.py,23,Yes,None,Complete
Paracetamol/Methocarbamol,drug_modules\analgesics\pain_muscle_relaxant_combinations.py,23,Yes,None,Complete
Paracetamol/Orphenadrine,drug_modules\analgesics\pain_muscle_relaxant_combinations.py,23,Yes,None,Complete
Paroxetine,drug_modules\psychiatry_other\ssris.py,24,Yes,None,Complete
Pemafibrate,drug_modules\cardiovascular\triglyceride_lowering.py,23,Yes,None,Complete
Pembrolizumab,drug_modules\miscellaneous\biological_drugs.py,23,Yes,None,Complete
Penicillin G,drug_modules\antimicrobial\antibiotics\beta_lactams.py,27,Yes,None,Complete
Penicillin V,drug_modules\infectious_other\beta_lactams.py,24,Yes,None,Complete
Perampanel,drug_modules\neurological\anticonvulsants.py,23,Yes,None,Complete
Perindopril,drug_modules\cardiovascular\ace_inhibitors.py,26,Yes,None,Complete
Permethrin topical,drug_modules\dermatology.py,23,Yes,None,Complete
Phenelzine,drug_modules\psychiatry_other\antidepressants.py,23,Yes,None,Complete
Phenobarbital,drug_modules\neurological\anticonvulsants.py,27,Yes,None,Complete
Phenylephrine,drug_modules\emergency\catecholamine_alpha__beta_agonists.py,25,Yes,None,Complete
Phenylephrine eye drops,drug_modules\ophthalmology.py,23,Yes,None,Complete
Phenytoin,drug_modules\neurological\anticonvulsants.py,27,Yes,None,Complete
Pilocarpine eye drops,drug_modules\ophthalmology.py,24,Yes,None,Complete
Pimavanserin,drug_modules\neurological\antiparkinsonian.py,23,Yes,None,Complete
Pimecrolimus,drug_modules\dermatology.py,24,Yes,None,Complete
Pimozide,drug_modules\psychiatry_other\antipsychotics.py,23,Yes,None,Complete
Pioglitazone,drug_modules\diabetes\thiazolidinedione_tzds.py,23,Yes,None,Complete
Piperacillin-tazobactam,drug_modules\antimicrobial\antibiotics\beta_lactams.py,27,Yes,None,Complete
Piracetam,drug_modules\neurological\cerebral_circulation.py,24,Yes,None,Complete
Piracetam/Vinpocetine,drug_modules\neurological\neurological_combinations.py,25,Yes,None,Complete
Piroxicam,drug_modules\analgesics\nsaids.py,23,Yes,None,Complete
Pitavastatin,drug_modules\cardiovascular\statins.py,26,Yes,None,Complete
Plazomicin,drug_modules\antimicrobial\antibiotics\aminoglycosides.py,23,Yes,None,Complete
Plozasiran,drug_modules\cardiovascular\triglyceride_lowering.py,23,Yes,None,Complete
Polyethylene glycol 3350,drug_modules\gastrointestinal\laxatives.py,25,Yes,None,Complete
Polymyxin B,drug_modules\antimicrobial\antibiotics\polymyxins.py,26,Yes,None,Complete
Polymyxin B/Trimethoprim eye drops,drug_modules\ophthalmology.py,23,Yes,None,Complete
Posaconazole,drug_modules\antimicrobial\antifungals\azoles.py,26,Yes,None,Complete
Potassium phosphate,drug_modules\emergency\electrolytes.py,23,Yes,None,Complete
Pramipexole,drug_modules\neurological\antiparkinsonian.py,23,Yes,None,Complete
Prasugrel,drug_modules\cardiovascular\anticoagulants.py,27,Yes,None,Complete
Pravastatin,drug_modules\cardiovascular\statins.py,29,Yes,None,Complete
Praziquantel,drug_modules\infectious_other\anthelmintics.py,24,Yes,None,Complete
Prednisolone,drug_modules\endocrinology_other\corticosteroids\short_intermediate_acting.py,22,Yes,None,Complete
Prednisolone eye drops,drug_modules\ophthalmology.py,26,Yes,None,Complete
Prednisone,drug_modules\metabolic\corticosteroids.py,24,Yes,None,Complete
Pregabalin,drug_modules\neurological\anticonvulsant_alpha_2_delta_ligands.py,23,Yes,None,Complete
Primaquine,drug_modules\infectious_other\antimalarials.py,25,Yes,None,Complete
Primidone,drug_modules\neurological\anticonvulsants.py,23,Yes,None,Complete
Probenecid,drug_modules\miscellaneous\gout_medications.py,24,Yes,None,Complete
Procainamide,drug_modules\cardiovascular\antiarrhythmics.py,22,Yes,None,Complete
Progesterone,drug_modules\obstetrics_gynecology.py,24,Yes,None,Complete
Propafenone,drug_modules\cardiovascular\antiarrhythmics.py,22,Yes,None,Complete
Propofol,drug_modules\supportive\sedatives_anesthetics_icu.py,26,Yes,None,Complete
Propranolol,drug_modules\cardiovascular\beta_blockers\non_selective.py,26,Yes,None,Complete
Propylthiouracil,drug_modules\metabolic\antithyroid.py,23,Yes,None,Complete
Protamine,drug_modules\hematology.py,26,Yes,None,Complete
Pyrazinamide,drug_modules\infectious_other\antituberculars.py,26,Yes,None,Complete
Quetiapine,drug_modules\psychiatry_other\antipsychotics.py,24,Yes,None,Complete
Quinidine,drug_modules\cardiovascular\antiarrhythmics.py,23,Yes,None,Complete
Rabeprazole,drug_modules\gastrointestinal\proton_pump_inhibitors.py,23,Yes,None,Complete
Raloxifene,drug_modules\endocrinology_other\osteoporosis_other.py,24,Yes,None,Complete
Ramipril,drug_modules\cardiovascular\ace_inhibitors.py,26,Yes,None,Complete
Ranitidine,drug_modules\gastrointestinal\h2_receptor_antagonists.py,22,Yes,None,Complete
Ravulizumab,drug_modules\miscellaneous\biological_drugs.py,25,Yes,None,Complete
Remdesivir,drug_modules\antimicrobial\antivirals\influenza.py,29,Yes,None,Complete
Repaglinide,drug_modules\diabetes\meglitinides.py,23,Yes,None,Complete
Reslizumab,drug_modules\miscellaneous\biological_drugs.py,25,Yes,None,Complete
Ribavirin,drug_modules\antimicrobial\antivirals\hepatitis.py,26,Yes,None,Complete
Rifabutin,drug_modules\infectious_other\antituberculars.py,26,Yes,None,Complete
Rifampin,drug_modules\infectious_other\antituberculars.py,26,Yes,None,Complete
Rifapentine,drug_modules\infectious_other\antituberculars.py,26,Yes,None,Complete
Rilpivirine (RPV),drug_modules\antimicrobial\antivirals\hiv_arvs.py,26,Yes,None,Complete
Rimegepant,drug_modules\neurological\migraine_cgrp_drugs.py,23,Yes,None,Complete
Risankizumab,drug_modules\miscellaneous\biological_drugs.py,25,Yes,None,Complete
Risedronate,drug_modules\endocrinology_other\osteoporosis_bisphosphonates.py,24,Yes,None,Complete
Risperidone,drug_modules\psychiatry_other\antipsychotics.py,24,Yes,None,Complete
Ritonavir (low-dose booster),drug_modules\antimicrobial\antivirals\hiv_arvs.py,26,Yes,None,Complete
Rituximab,drug_modules\miscellaneous\biological_drugs.py,25,Yes,None,Complete
Rivaroxaban,drug_modules\cardiovascular\anticoagulants.py,26,Yes,None,Complete
Rivastigmine,drug_modules\neurological\alzheimer_dementia_drugs.py,23,Yes,None,Complete
Rizatriptan,drug_modules\analgesics\antimigraine_5_ht1_receptor_agonists.py,23,Yes,None,Complete
Rocuronium,drug_modules\emergency\neuromuscular_blockers.py,25,Yes,None,Complete
Roflumilast,drug_modules\respiratory\pde4_inhibitors.py,23,Yes,None,Complete
Romiplostim,drug_modules\hematology.py,26,Yes,None,Complete
Romosozumab,drug_modules\endocrinology_other\osteoporosis_other.py,24,Yes,None,Complete
Ropinirole,drug_modules\neurological\antiparkinsonian.py,22,Yes,None,Complete
Rosiglitazone,drug_modules\diabetes\thiazolidinedione_tzds.py,23,Yes,None,Complete
Rosuvastatin,drug_modules\cardiovascular\statins.py,29,Yes,None,Complete
Sacituzumab govitecan,drug_modules\oncology\monoclonal_antibodies_adcs.py,24,Yes,None,Complete
Sacubitril-valsartan,drug_modules\cardiovascular\other_cv.py,29,Yes,None,Complete
Safinamide,drug_modules\neurological\antiparkinsonian.py,23,Yes,None,Complete
Salbutamol,drug_modules\miscellaneous\beta_2_agonist_short_actings.py,23,Yes,None,Complete
Salicylic Acid,drug_modules\dermatology.py,23,Yes,None,Complete
Salmeterol,drug_modules\respiratory\long_acting_beta_2_agonist_labas.py,23,Yes,None,Complete
Sarilumab,drug_modules\miscellaneous\biological_drugs.py,25,Yes,None,Complete
Saxagliptin,drug_modules\diabetes\dpp_4_inhibitors.py,25,Yes,None,Complete
Secukinumab,drug_modules\miscellaneous\biological_drugs.py,25,Yes,None,Complete
Semaglutide,drug_modules\diabetes\glp1_agonists.py,26,Yes,None,Complete
Senna (sennosides),drug_modules\gastrointestinal\laxatives.py,25,Yes,None,Complete
Sertraline,drug_modules\psychiatry_other\ssris.py,24,Yes,None,Complete
Sildenafil,drug_modules\urology.py,26,Yes,None,Complete
Silodosin,drug_modules\urology.py,25,Yes,None,Complete
Simethicone,drug_modules\gastrointestinal\antiflatulents.py,24,Yes,None,Complete
Simvastatin,drug_modules\cardiovascular\statins.py,26,Yes,None,Complete
Sitagliptin,drug_modules\diabetes\dpp_4_inhibitors.py,29,Yes,None,Complete
Sodium bicarbonate,drug_modules\emergency\electrolytes.py,23,Yes,None,Complete
Sodium phosphate,drug_modules\emergency\electrolytes.py,23,Yes,None,Complete
Sodium polystyrene sulfonate,drug_modules\emergency\electrolytes.py,23,Yes,None,Complete
Sofosbuvir,drug_modules\antimicrobial\antivirals\hepatitis.py,26,Yes,None,Complete
Sofosbuvir/Velpatasvir,drug_modules\antimicrobial\antivirals\hepatitis.py,26,Yes,None,Complete
Solifenacin,drug_modules\urology.py,26,Yes,None,Complete
Sotagliflozin,drug_modules\cardiovascular\other_cv.py,24,Yes,None,Complete
Sotalol,drug_modules\cardiovascular\antiarrhythmics.py,23,Yes,None,Complete
Sparfloxacin,drug_modules\infectious_other\fluoroquinolones.py,23,Yes,None,Complete
Spironolactone,drug_modules\cardiovascular\diuretics.py,30,Yes,None,Complete
Streptomycin,drug_modules\infectious_other\antituberculars.py,26,Yes,None,Complete
Succinylcholine,drug_modules\emergency\neuromuscular_blockers.py,25,Yes,None,Complete
Sucralfate,drug_modules\gastrointestinal\mucosal_protectants.py,23,Yes,None,Complete
Sulfasalazine,drug_modules\gastrointestinal\ibd_5asa.py,24,Yes,None,Complete
Sumatriptan,drug_modules\analgesics\antimigraine_5_ht1_receptor_agonists.py,23,Yes,None,Complete
Tacrolimus,drug_modules\miscellaneous\immunosuppressants.py,25,Yes,None,Complete
Tacrolimus topical,drug_modules\dermatology.py,26,Yes,None,Complete
Tadalafil,drug_modules\urology.py,26,Yes,None,Complete
Tamoxifen,drug_modules\oncology\hormone_therapy.py,23,Yes,None,Complete
Tamsulosin,drug_modules\urology.py,25,Yes,None,Complete
Tapentadol,drug_modules\analgesics\opioid_agonists.py,23,Yes,None,Complete
Tazarotene,drug_modules\dermatology.py,23,Yes,None,Complete
Tegoprazan,drug_modules\gastrointestinal\pcab.py,22,Yes,None,Complete
Teicoplanin,drug_modules\antimicrobial\antibiotics\glycopeptides.py,26,Yes,None,Complete
Telmisartan,drug_modules\cardiovascular\arbs.py,30,Yes,None,Complete
Tenecteplase,drug_modules\hematology.py,25,Yes,None,Complete
Tenofovir,drug_modules\antimicrobial\antivirals\hepatitis.py,26,Yes,None,Complete
Tenofovir alafenamide (TAF),drug_modules\antimicrobial\antivirals\hiv_arvs.py,26,Yes,None,Complete
Tenofovir alafenamide/Emtricitabine (TAF/FTC),drug_modules\antimicrobial\antivirals\hiv_arvs.py,26,Yes,None,Complete
Tenofovir disoproxil fumarate (TDF),drug_modules\antimicrobial\antivirals\hiv_arvs.py,26,Yes,None,Complete
Tenofovir disoproxil fumarate/Emtricitabine (TDF/FTC),drug_modules\antimicrobial\antivirals\hiv_arvs.py,26,Yes,None,Complete
Teplizumab,drug_modules\diabetes\t1dm_prevention.py,23,Yes,None,Complete
Teprotumumab,drug_modules\oncology\monoclonal_antibodies_adcs.py,24,Yes,None,Complete
Terbinafine topical,drug_modules\dermatology.py,23,Yes,None,Complete
Terbutaline,drug_modules\respiratory\short_acting_beta_2_agonist_sabas.py,22,Yes,None,Complete
Teriparatide,drug_modules\endocrinology_other\osteoporosis_other.py,24,Yes,None,Complete
Testosterone,drug_modules\endocrinology_other\sex_hormones.py,23,Yes,None,Complete
Tetrabenazine,drug_modules\neurological\antiparkinsonian.py,23,Yes,None,Complete
Tetracycline,drug_modules\antimicrobial\antibiotics\tetracyclines.py,27,Yes,None,Complete
Tezepelumab,drug_modules\miscellaneous\biological_drugs.py,25,Yes,None,Complete
Theophylline,drug_modules\respiratory\methylxanthines.py,24,Yes,None,Complete
Thiopental,drug_modules\supportive\sedatives_anesthetics_icu.py,25,Yes,None,Complete
Ticagrelor,drug_modules\cardiovascular\anticoagulants.py,27,Yes,None,Complete
Ticlopidine,drug_modules\cardiovascular_other\antiplatelets.py,27,Yes,None,Complete
Tigecycline,drug_modules\infectious_other\tetracyclines.py,23,Yes,None,Complete
Timolol,drug_modules\cardiovascular\beta_blockers\non_selective.py,23,Yes,None,Complete
Timolol eye drops,drug_modules\ophthalmology.py,23,Yes,None,Complete
Tiotropium,drug_modules\respiratory\anticholinergic_long_actings.py,23,Yes,None,Complete
Tiotropium/Olodaterol inhaler,drug_modules\respiratory\combination_inhalers.py,25,Yes,None,Complete
Tirzepatide,drug_modules\diabetes\glp1_agonists.py,26,Yes,None,Complete
Tizanidine,drug_modules\neurological\muscle_relaxants.py,22,Yes,None,Complete
Tobramycin,drug_modules\antimicrobial\antibiotics\aminoglycosides.py,27,Yes,None,Complete
Tobramycin eye drops,drug_modules\ophthalmology.py,23,Yes,None,Complete
Tocilizumab,drug_modules\miscellaneous\biological_drugs.py,23,Yes,None,Complete
Tofacitinib,drug_modules\gastrointestinal\jak_inhibitors.py,24,Yes,None,Complete
Tolterodine,drug_modules\urology.py,24,Yes,None,Complete
Topiramate,drug_modules\neurological\anticonvulsants.py,22,Yes,None,Complete
Topotecan,drug_modules\oncology\topoisomerase_inhibitors.py,23,Yes,None,Complete
Torsemide,drug_modules\cardiovascular\diuretics.py,16,Yes,None,Complete
Tramadol,drug_modules\analgesics\opioid_agonists.py,24,Yes,None,Complete
Tranexamic acid,drug_modules\hematology.py,24,Yes,None,Complete
Tranylcypromine,drug_modules\psychiatry_other\antidepressants.py,23,Yes,None,Complete
Trastuzumab,drug_modules\miscellaneous\biological_drugs.py,23,Yes,None,Complete
Trastuzumab deruxtecan,drug_modules\oncology\monoclonal_antibodies_adcs.py,24,Yes,None,Complete
Travoprost,drug_modules\ophthalmology.py,23,Yes,None,Complete
Trazodone,drug_modules\psychiatry_other\antidepressants.py,23,Yes,None,Complete
Tretinoin topical,drug_modules\dermatology.py,24,Yes,None,Complete
Triamcinolone topical,drug_modules\dermatology.py,23,Yes,None,Complete
Trimebutine,drug_modules\gastrointestinal\antispasmodics.py,25,Yes,None,Complete
Trimethoprim-sulfamethoxazole,drug_modules\antimicrobial\antibiotics\sulfonamides.py,27,Yes,None,Complete
Tropicamide eye drops,drug_modules\ophthalmology.py,23,Yes,None,Complete
Ubrogepant,drug_modules\neurological\migraine_cgrp_drugs.py,23,Yes,None,Complete
Umeclidinium,drug_modules\respiratory\anticholinergic_long_actings.py,23,Yes,None,Complete
Umeclidinium/Vilanterol inhaler,drug_modules\respiratory\combination_inhalers.py,25,Yes,None,Complete
Upadacitinib,drug_modules\gastrointestinal\jak_inhibitors.py,24,Yes,None,Complete
Ustekinumab,drug_modules\miscellaneous\biological_drugs.py,23,Yes,None,Complete
Valacyclovir,drug_modules\antimicrobial\antivirals\herpes.py,23,Yes,None,Complete
Valproate,drug_modules\neurological\anticonvulsants.py,26,Yes,None,Complete
Valsartan,drug_modules\cardiovascular\arbs.py,26,Yes,None,Complete
Vancomycin,drug_modules\antimicrobial\antibiotics\glycopeptides.py,27,Yes,None,Complete
Vardenafil,drug_modules\urology.py,24,Yes,None,Complete
Vasopressin,drug_modules\emergency\catecholamine_alpha__beta_agonists.py,25,Yes,None,Complete
Vecuronium,drug_modules\emergency\neuromuscular_blockers.py,25,Yes,None,Complete
Vedolizumab,drug_modules\miscellaneous\biological_drugs.py,23,Yes,None,Complete
Venlafaxine,drug_modules\psychiatry_other\snris.py,22,Yes,None,Complete
Verapamil,drug_modules\cardiovascular\calcium_blockers\non_dihydropyridines.py,23,Yes,None,Complete
Vericiguat,drug_modules\cardiovascular\other_cv.py,24,Yes,None,Complete
Vilanterol,drug_modules\respiratory\long_acting_beta_2_agonist_labas.py,23,Yes,None,Complete
Vildagliptin,drug_modules\diabetes\dpp_4_inhibitors.py,25,Yes,None,Complete
Vincristine,drug_modules\oncology\vinca_alkaloids.py,23,Yes,None,Complete
Vinpocetine,drug_modules\neurological\cerebral_circulation.py,24,Yes,None,Complete
Vitamin B12,drug_modules\supportive\vitamin_b12s.py,24,Yes,None,Complete
Vitamin C,drug_modules\miscellaneous\vitamins.py,22,Yes,None,Complete
Vitamin D,drug_modules\supportive\vitamin_ds.py,24,Yes,None,Complete
Vitamin D3 (Cholecalciferol),drug_modules\miscellaneous\vitamins.py,24,Yes,None,Complete
Vitamin E,drug_modules\miscellaneous\vitamins.py,22,Yes,None,Complete
Vitamin K,drug_modules\hematology.py,24,Yes,None,Complete
Vonoprazan,drug_modules\gastrointestinal\pcab.py,22,Yes,None,Complete
Voriconazole,drug_modules\antimicrobial\antifungals\azoles.py,24,Yes,None,Complete
Warfarin,drug_modules\cardiovascular\anticoagulants.py,24,Yes,None,Complete
Zafirlukast,drug_modules\respiratory\leukotriene_receptor_antagonists.py,23,Yes,None,Complete
Zanamivir,drug_modules\antimicrobial\antivirals\influenza.py,27,Yes,None,Complete
Ziprasidone,drug_modules\psychiatry_other\antipsychotics.py,23,Yes,None,Complete
Zoledronic acid,drug_modules\emergency\electrolytes.py,23,Yes,None,Complete
Zonisamide,drug_modules\neurological\anticonvulsants.py,23,Yes,None,Complete
